Workbook

Sheet 100 data klabe
A1: ID | B1: Data | C1: Urtea | D1: Gertakaria | E1: Eremu nagusia | F1: Eragin-eremua | G1: Aldi historikoa | H1: Ardatz tematikoa | I1: Azalpen didaktikoa | J1: Zergatik da klabea? | K1: Lotutako datak | L1: PAU/EBaU balioa | M1: Kontzeptu giltzak | N1: Data mota | O1: Iturri URL orientagarria
A2: 1 | B2: 1808 | C2: 1808 | D2: Frantziarren inbasioa eta Independentzia Gerraren hasiera | E2: Espainia | F2: Espainia eta Europa | G2: Antzinako Erregimenaren krisia eta liberalismoaren sorrera | H2: Gerra / subiranotasuna | I2: Napoleonen esku-hartzeak monarkia borboitarraren krisia agerian utzi zuen. Matxinadak eta gerrak ez zuten soilik inbaditzailearen aurkako erantzuna ekarri; boterearen zilegitasunari buruzko galdera berria ireki zuten: erregea ez badago, nor da nazioaren ordezkari? | J2: Antzinako Erregimenaren krisia eta iraultza liberalaren abiapuntua ulertzeko ate nagusia da. | K2: 1812, 1814, 1820 | L2: Handia | M2: Napoleon; subiranotasun nazionala; juntak; gerra; liberalismoa | N2: Gertakari zehatza | O2: https://www.congreso.es/
A3: 2 | B3: 1812-03-19 | C3: 1812 | D3: Cádizeko Konstituzioa | E3: Espainia | F3: Espainia eta Atlantikoa | G3: Antzinako Erregimenaren krisia eta liberalismoaren sorrera | H3: Konstituzionalismoa | I3: Cádizeko Gorteek subiranotasun nazionala, botere-banaketa eta herritarren ordezkaritza aldarrikatu zituzten. Testuak Antzinako Erregimenaren logika hautsi zuen, nahiz eta gizarte eta erlijio ikuspegitik mugak zituen. | J3: Espainiako konstituzionalismoaren lehen mugarri handia da eta XIX. mendeko gatazka politiko askoren erreferentzia bihurtu zen. | K3: 1808, 1814, 1820, 1837 | L3: Handia | M3: subiranotasun nazionala; Gorteak; konstituzioa; liberalismoa | N3: Lege edo testu politikoa | O3: https://www.congreso.es/
A4: 3 | B4: 1814 | C4: 1814 | D4: Fernando VII.aren itzulera eta absolutismoaren berrezarpena | E4: Espainia | F4: Espainia | G4: Absolutismoaren eta liberalismoaren arteko gatazka | H4: Erreakzio politikoa | I4: Fernando VII.ak Cádizeko lana baliogabetu eta absolutismoa berrezarri zuen. Horrek erakutsi zuen liberalismoa ez zela garaipen lineala izan: monarkiaren, Elizaren eta tradizio politikoaren indarrek aurre egin zioten aldaketa konstituzionalari. | J4: XIX. mendeko Espainiaren ezaugarri nagusia azaltzen du: liberalismoaren eta absolutismoaren arteko tirabira jarraitua. | K4: 1812, 1820, 1823 | L4: Handia | M4: absolutismoa; Fernando VII.a; erreakzioa; liberalismoa | N4: Erabaki politikoa | O4: https://www.congreso.es/
A5: 4 | B5: 1820 | C5: 1820 | D5: Riegoren pronuntziamendua eta Hirurteko Liberala | E5: Espainia | F5: Espainia | G5: Absolutismoaren eta liberalismoaren arteko gatazka | H5: Militarrak eta politika | I5: Riegoren altxamenduak 1812ko Konstituzioa berriz indarrean jarri zuen eta Hirurteko Liberala ireki zuen. Pronuntziamendu militarrak aldaketa politikorako tresna bihurtu ziren, estatu liberalaren ahultasuna erakutsiz. | J5: Espainiako liberalismoaren bigarren saiakera handia eta armadaren paper politikoaren adibide goiztiarra da. | K5: 1812, 1814, 1823 | L5: Handia | M5: pronuntziamendua; Hirurteko Liberala; armada; konstituzioa | N5: Gertakari politikoa | O5: https://www.congreso.es/
A6: 5 | B6: 1823 | C6: 1823 | D6: San Luisen Ehun Mila Semeen esku-hartzea | E6: Espainia | F6: Espainia eta Europa | G6: Absolutismoaren eta liberalismoaren arteko gatazka | H6: Nazioarteko ordena | I6: Aliantza Santuko logikaren barruan, Frantziako armadak Hirurteko Liberala amaitu eta Fernando VII.aren absolutismoa berrezarri zuen. Espainiako politika Europako erreakzio kontserbadorearen barruan kokatu zen. | J6: Espainiako liberalismoaren porrota ez zen barne arazo hutsa izan; Vienako ordena kontserbadorearekin lotuta egon zen. | K6: 1815, 1820, 1833 | L6: Ertaina | M6: Aliantza Santua; erreakzioa; absolutismoa; nazioarteko esku-hartzea | N6: Nazioarteko esku-hartzea | O6: https://www.britannica.com/
A7: 6 | B7: 1833 | C7: 1833 | D7: Fernando VII.aren heriotza eta Isabel II.aren erregealdirako bidea | E7: Espainia | F7: Espainia eta Euskal Herria | G7: Estatu liberalaren eraikuntza eta gerra karlistak | H7: Monarkia / dinastia | I7: Fernando VII.a hil ondoren, Isabel II.aren ondorengotzak dinastia-gatazka piztu zuen. Baina auzia ez zen familiakoa soilik: absolutismoaren eta liberalismoaren arteko borroka politiko bihurtu zen. | J7: Lehen Gerra Karlista eta estatu liberalaren eraikuntza ulertzeko abiapuntua da. | K7: 1833, 1837, 1839 | L7: Handia | M7: isabelinoak; karlistak; dinastia; liberalismoa | N7: Mugarri politikoa | O7: https://www.congreso.es/
A8: 7 | B8: 1834 | C8: 1834 | D8: Errege Estatutuaren onarpena | E8: Espainia | F8: Espainia | G8: Estatu liberalaren eraikuntza eta gerra karlistak | H8: Konstituzionalismo mugatua | I8: Errege Estatutuak ordezkaritza politiko mugatua ezarri zuen, baina ez zen benetako konstituzio liberal osoa. Monarkiak erreformak kontrolpean egiteko saiakera izan zen, gerra karlistaren testuinguruan. | J8: Liberalismo moderatuaren lehen formula politikoak eta monarkiaren kontrol-nahia ulertzeko balio du. | K8: 1833, 1837, 1845 | L8: Ertaina | M8: Errege Estatutu; liberalismo moderatua; monarkia; Gorteak | N8: Lege edo testu politikoa | O8: https://www.congreso.es/
A9: 8 | B9: 1837 | C9: 1837 | D9: 1837ko Konstituzioa | E9: Espainia | F9: Espainia | G9: Estatu liberalaren eraikuntza eta gerra karlistak | H9: Konstituzionalismoa | I9: Konstituzioak 1812ko espiritu liberalaren zati bat berreskuratu zuen, baina monarkiaren eta Gorteen arteko oreka moderatuagoa bilatu zuen. Gerra karlistaren erdian, liberalismoaren marko politikoa sendotzeko saiakera izan zen. | J9: Progresisten eta moderatuen arteko tentsioa erakusten du, estatu liberalaren barruko lehen oreka politikoetako bat delako. | K9: 1812, 1834, 1845 | L9: Handia | M9: konstituzionalismoa; progresistak; moderatuak; monarkia konstituzionala | N9: Lege edo testu politikoa | O9: https://www.congreso.es/
A10: 9 | B10: 1845 | C10: 1845 | D10: 1845eko Konstituzio moderatua | E10: Espainia | F10: Espainia | G10: Estatu liberal moderatua | H10: Konstituzionalismoa | I10: Moderatuen konstituzioak subiranotasun partekatua, ordena publikoa eta botere zentral sendoa lehenetsi zituen. Liberalismoaren bertsio kontserbadoreagoa finkatu zuen, sufragio oso mugatuarekin. | J10: Isabel II.aren erregimenaren izaera moderatua, zentralista eta oligarkikoa ulertzeko ezinbestekoa da. | K10: 1837, 1855, 1868 | L10: Handia | M10: moderatuak; subiranotasun partekatua; zentralismoa; sufragio zentsitarioa | N10: Lege edo testu politikoa | O10: https://www.congreso.es/
A11: 10 | B11: 1855 | C11: 1855 | D11: Madozen desamortizazioa eta burdinbideen legea | E11: Espainia | F11: Espainia | G11: Estatu liberal moderatua | H11: Ekonomia / modernizazioa | I11: Biurteko Progresistak ondasun publiko eta komunal asko saldu zituen, eta burdinbideen garapena bultzatu zuen. Helburua ogasuna sendotzea eta merkatu nazionala artikulatzea zen, baina nekazari askoren egoera ez zen hobetu. | J11: Liberalismo ekonomikoak jabetza, lurraldea eta azpiegiturak nola berrantolatu zituen ikusteko data egokia da. | K11: 1845, 1868, 1876 | L11: Handia | M11: desamortizazioa; burdinbidea; merkatu nazionala; liberalismo ekonomikoa | N11: Lege eta prozesu ekonomikoa | O11: https://www.boe.es/
A12: 11 | B12: 1868 | C12: 1868 | D12: Iraultza Loriatsua | E12: Espainia | F12: Espainia | G12: Seiurteko Demokratikoa | H12: Iraultza politikoa | I12: Isabel II.a tronutik kendu zuen iraultzak krisi politiko, ekonomiko eta sozial sakona adierazi zuen. Erregimen moderatuaren agortzea agerian geratu zen, eta demokratizazio esperimenturako atea ireki zen. | J12: XIX. mendeko liberalismoaren mugarri demokratikoena irekitzen du: sufragio zabalagoa, konstituzio berria eta erregimen bilaketa. | K12: 1869, 1873, 1874 | L12: Handia | M12: Iraultza Loriatsua; demokratizazioa; Isabel II.a; Seiurtekoa | N12: Gertakari politikoa | O12: https://www.congreso.es/
A13: 12 | B13: 1869 | C13: 1869 | D13: 1869ko Konstituzioa | E13: Espainia | F13: Espainia | G13: Seiurteko Demokratikoa | H13: Demokratizazioa | I13: Konstituzioak eskubide zabalak, sufragio unibertsal maskulinoa eta monarkia parlamentarioagoa aldarrikatu zituen. Europako liberalismo demokratikoaren ildotik, Espainiako sistema politikoa irekitzen saiatu zen. | J13: Espainiako lehen konstituzio demokratiko handietako bat da eta 1873ko Errepublikaren aurrekaria ulertzen laguntzen du. | K13: 1868, 1873, 1931 | L13: Handia | M13: sufragio unibertsal maskulinoa; eskubideak; demokratizazioa; Gorteak | N13: Lege edo testu politikoa | O13: https://www.congreso.es/
... A105: 104 | B105: 1974 | C105: 1974 | D105: ETAren banaketa: politiko-militarra eta militarra | E105: Euskal Herria | F105: Euskal Herria eta Espainia | G105: Frankismo berantiarra eta terrorismoa | H105: Nazionalismoa / indarkeria | I105: Estrategiari eta ideologiari buruzko desadostasunek ETA bi adarretan banatu zuten: ETA politiko-militarra (borroka armatua eta masa-lana uztartzen zituena) eta ETA militarra (ekintza armatuari lehentasuna ematen ziona). Banaketak ezker abertzalearen barne-tentsioak eta indarkeriaren bilakaera erakusten ditu. | J105: Trantsizioan zehar ETAren bi adarren ibilbide desberdina (pm-aren desagerpena eta m-aren jarraipena) ulertzeko aurrekaria da. | K105: 1959, 1968, 1975 | L105: Ertaina | M105: ETA politiko-militarra; ETA militarra; ezker abertzalea; estrategia armatua | N105: Erakunde-banaketa | O105: https://www.memorialvt.com/

Sheet Prozesu mapa
A1: Prozesua | B1: Tartea | C1: Data giltzarriak | D1: Hari nagusia | E1: PAU/gelarako erabilera
A2: Antzinako Erregimenaren krisia eta liberalismoaren sorrera | B2: 1808-1833 | C2: 1808, 1812, 1814, 1820, 1823, 1815 | D2: Monarkiaren krisiak subiranotasunaren arazoa ireki zuen: boterea erregearena ala nazioarena? Liberalismoa ez zen berehala garaile atera, absolutismoarekin borroka luzea hasi zen. | E2: Konstituzionalismoaren sorrera, Independentzia Gerra eta lehen gatazka ideologikoa azaltzeko.
A3: Estatu liberalaren eraikuntza eta foruen gatazka | B3: 1833-1876 | C3: 1833, 1837, 1839, 1841, 1845, 1868, 1869, 1873, 1876 | D3: Estatu liberalak boterea zentralizatu, legeak bateratu eta jabetza-eredua aldatu nahi izan zuen. Euskal lurraldeetan prozesu horrek foruen auziarekin talka egin zuen. | E3: Karlistadak, foruak, liberalismo moderatua/progresista eta zentralizazioa lotzeko.
A4: Foruen amaiera, Kontzertu Ekonomikoa eta euskal egokitzapena | B4: 1876-1878 | C4: 1876, 1878 | D4: Gerra karlistaren porrotak foru-erregimenaren abolizioa ekarri zuen, baina Kontzertu Ekonomikoak berezitasun fiskal berri bat sortu zuen. | E4: Foru-galera eta autogobernu fiskalaren berezitasuna azaltzeko.
A5: Berrezarkuntza eta sistema oligarkikoaren krisia | B5: 1874-1923 | C5: 1874, 1876, 1898, 1902, 1909, 1917, 1921, 1923 | D5: Cánovasen sistemak egonkortasuna bilatu zuen, baina kazikismoa, kolonialismoaren porrota, gatazka soziala eta armadaren pisua pilatu ziren. | E5: Turnismoa, kazikismoa, regenerazionismoa eta diktaduraren aurrekariak lantzeko.
A6: Euskal industrializazioa eta gizarte pluralaren sorrera | B6: 1876-1930 | C6: 1878, 1886, 1890, 1895, 1902, 1911, 1917 | D6: Bizkaiko industrializazioak burgesia, proletariotza, sozialismoa, abertzaletasuna eta sindikalismo katoliko-abertzalea sortu edo indartu zituen. | E6: Euskal Herriko modernizazioa klasea, nazioa eta erlijioa gurutzatuz azaltzeko.
A7: II. Errepublika: erreformak, demokrazia eta polarizazioa | B7: 1931-1936 | C7: 1931, 1932, 1933, 1934, 1936 | D7: Errepublikak demokratizazio sakona bultzatu zuen, baina erreformek botere sozial tradizionalen eta ezker/eskuin blokearen arteko tentsioak handitu zituzten. | E7: Laizismoa, autonomia, nekazaritza-erreforma, emakumeen botoa eta polarizazioa lantzeko.
A8: Gerra Zibila eta euskal autonomia gerra-testuinguruan | B8: 1936-1939 | C8: 1936, 1937, 1939 | D8: Kolpe militarraren porrot partzialak gerra piztu zuen. Euskal autonomia gerran jaio zen, eta Gernikak gerra modernoaren indarkeria zibilaren sinbolo bihurtu zen. | E8: Gerra Zibila, nazioartekotzea, Gernika, Bilbo eta Santoña azaltzeko.
A9: Frankismoa: errepresioa, autarkia eta modernizazio autoritarioa | B9: 1939-1975 | C9: 1939, 1940, 1945, 1953, 1955, 1959, 1966, 1969, 1973, 1975 | D9: Diktadurak errepresioa eta kontrol politikoa ezarri zituen. 1959tik aurrera ekonomia ireki zen, baina modernizazio soziala ez zen demokratizazio politikoarekin batera etorri. | E9: Lehen frankismoa eta desarrollismoa bereizteko, baina jarraitutasun autoritarioa seinalatuz.
A10: Trantsizioa, autonomia-estatua eta demokraziaren finkapena | B10: 1975-1982 | C10: 1975, 1976, 1977, 1978, 1979, 1980, 1981, 1982 | D10: Diktaduratik demokraziara igarotzea negoziatua, gatazkatsua eta arriskutsua izan zen. Konstituzioak eta estatutuek marko berria ezarri zuten. | E10: Erreforma/haustura eztabaida, 23-F, Konstituzioa eta Gernikako Estatutua lantzeko.
A11: Demokrazia, terrorismoa, Europa eta XXI. mendeko krisiak | B11: 1982-2020 | C11: 1983, 1986, 1988, 1997, 2004, 2008, 2011, 2017, 2018, 2020 | D11: Demokraziak egonkortasuna lortu zuen, baina terrorismoak, krisi ekonomikoek, lurralde gatazkek eta globalizazioaren kolpeek etengabeko egokitzapena eskatu zuten. | E11: Monarkia parlamentarioaren sendotzea, ETAren amaiera, 15-M, Katalunia eta COVID-19 lotzeko.

Sheet PAU iragazkia
A1: PAU iragazkia eta laburpena
A2: Erabilera | B2: Iragazi lehen orrian Eremu nagusia, Aldi historikoa, Ardatz tematikoa edo PAU/EBaU balioa zutabeak. Hemen banaketa nagusia duzu.
A3: Eremua | B3: Kopurua | C3: Helburua
A4: Espainia | B4: =COUNTIF('100 data klabe'!$E$2:$E$101,A4) | C4: 55
A5: Euskal Herria | B5: =COUNTIF('100 data klabe'!$E$2:$E$101,A5) | C5: 30
A6: Mundua | B6: =COUNTIF('100 data klabe'!$E$2:$E$101,A6) | C6: 15
A7: Guztira | B7: =SUM(B4:B6) | C7: 100
A9: PAU/EBaU balioa | B9: Kopurua
A10: Handia | B10: =COUNTIF('100 data klabe'!$L$2:$L$101,A10)
A11: Ertaina | B11: =COUNTIF('100 data klabe'!$L$2:$L$101,A11)
A12: Osagarria | B12: =COUNTIF('100 data klabe'!$L$2:$L$101,A12)
A14: Aldi historiko nagusiak | B14: Kopurua
A15: Antzinako Erregimenaren krisia eta liberalismoaren sorrera | B15: =COUNTIF('100 data klabe'!$G$2:$G$101,A15)
A16: Absolutismoaren eta liberalismoaren arteko gatazka | B16: =COUNTIF('100 data klabe'!$G$2:$G$101,A16)
A17: Estatu liberalaren eraikuntza eta gerra karlistak | B17: =COUNTIF('100 data klabe'!$G$2:$G$101,A17)
A18: Estatu liberal moderatua | B18: =COUNTIF('100 data klabe'!$G$2:$G$101,A18)
A19: Seiurteko Demokratikoa | B19: =COUNTIF('100 data klabe'!$G$2:$G$101,A19)
A20: Berrezarkuntzaren sistema | B20: =COUNTIF('100 data klabe'!$G$2:$G$101,A20)
A21: Berrezarkuntzaren krisia | B21: =COUNTIF('100 data klabe'!$G$2:$G$101,A21)
A22: Foruak, liberalismoa eta karlistadak | B22: =COUNTIF('100 data klabe'!$G$2:$G$101,A22)
A23: Industrializazioa eta gizarte pluralaren sorrera | B23: =COUNTIF('100 data klabe'!$G$2:$G$101,A23)
A24: II. Errepublika | B24: =COUNTIF('100 data klabe'!$G$2:$G$101,A24)
A25: Gerra Zibila | B25: =COUNTIF('100 data klabe'!$G$2:$G$101,A25)
A26: Lehen frankismoa | B26: =COUNTIF('100 data klabe'!$G$2:$G$101,A26)
... A32: XXI. mendeko krisiak | B32: =COUNTIF('100 data klabe'!$G$2:$G$101,A32)

Sheet Iturriak eta gida
A1: Atala | B1: Iturria edo erabilera | C1: URL / erreferentzia
A2: Oharra | B2: Excel hau lan didaktikorako kronologia analitikoa da: datak hautatu eta azalpenak sintetizatu dira, ez bibliografia akademiko exhaustiboa.
A3: PAU lerrokatzea | B3: Data, kronologia, kausalitatea, kontzeptu historikoak eta testuinguratzea lantzeko antolatu da. | C3: Erabiltzaileak kargatutako 3.2_ESPAINIAKO HISTORIA. USaP. BEHIN BETIKOA. 25-26.pdf
A4: Espainiako konstituzionalismoa eta erakundeak | B4: Konstituzioak, Gorteak, oinarrizko legeak eta marko juridikoak egiaztatzeko. | C4: https://www.congreso.es/
A5: Lege-testuak | B5: Konstituzioa, estatutuak, lege historikoak eta arau juridikoak bilatzeko. | C5: https://www.boe.es/
A6: Euskal autogobernua | B6: Eusko Jaurlaritza, autogobernua, estatutua eta erakundeak. | C6: https://www.euskadi.eus/
A7: Terrorismoaren memoria | B7: ETA, GAL, biktimak eta memoria lantzeko baliabide didaktikoak. | C7: https://www.memorialvt.com/
A8: Memoria eta testigantzak | B8: Gogora: indarkeria, memoria eta testigantza funtsa. | C8: https://www.gogora.euskadi.eus/
A9: Trantsizioa | B9: Artxibo dokumentala eta mugimendu politikoen inguruko baliabideak. | C9: https://archivodelatransicion.es/
A10: Euskal industrializazioa | B10: Meatzaritza eta industrializazioaren inguruko baliabideak. | C10: https://meatzaldea.eus/
A11: Europaren integrazioa | B11: Europar Batasunaren historia eta erakundeak. | C11: https://european-union.europa.eu/
A12: NBE | B12: Nazio Batuen Erakundea eta nazioarteko ordena. | C12: https://www.un.org/
A13: COVID-19 | B13: Osasunaren Mundu Erakundea, pandemiaren informazio orokorra. | C13: https://www.who.int/
A14: Ohar kritikoa | B14: Data batzuk egun zehatzak dira; beste batzuk prozesu baten mugarri sinboliko gisa hautatu dira. Hori 'Data mota' zutabean adierazita dago.
